{"cameraMode":{"drawMode":0,"name":"Shaded","section":"Shading Mode"},"sceneLighting":false,"audioPlay":false,"sceneViewState":{"m_AlwaysRefresh":false,"showFog":true,"showSkybox":false,"showFlares":true,"showImageEffects":true,"showParticleSystems":true,"showVisualEffectGraphs":true,"m_FxEnabled":false},"in2DMode":false,"pivot":{"x":-1.6211501359939576,"y":0.46145346760749819,"z":0.07836950570344925},"rotation":{"x":-0.12279317528009415,"y":0.7170073390007019,"z":-0.13070064783096314,"w":-0.6736059784889221},"size":2.0089478492736818,"orthographic":false}